{
	"format_version": "1.21.6",
	"credit": "Creator @mrilgiz -> Discord server discord.mwstudio.space",
	"textures": {
		"0": "rciom:item/doors/waxed_door",
		"particle": "rciom:item/doors/waxed_door"
	},
	"elements": [
		{
			"from": [-16, -7, 4.4],
			"to": [32, 31.4, 11.6],
			"rotation": {"angle": 0, "axis": "y", "origin": [0, 9, -0.8]},
			"faces": {
				"north": {"uv": [0, 0, 13.33333, 12.8], "texture": "#0"},
				"east": {"uv": [13.33333, 0, 15.33333, 12.8], "texture": "#0"},
				"south": {"uv": [0, 0, 13.33333, 12.8], "texture": "#0"},
				"west": {"uv": [13.33333, 0, 15.33333, 12.8], "texture": "#0"},
				"up": {"uv": [0, 12.8, 13.16667, 15.2], "texture": "#0"},
				"down": {"uv": [0, 12.8, 13.16667, 15.2], "texture": "#0"}
			}
		}
	],
	"display": {
		"thirdperson_righthand": {
			"translation": [0, 3, 1],
			"scale": [0.55, 0.55, 0.55]
		},
		"thirdperson_lefthand": {
			"translation": [0, 3, 1],
			"scale": [0.55, 0.55, 0.55]
		},
		"firstperson_righthand": {
			"rotation": [0, -90, 25],
			"translation": [1.13, 3.2, 1.13],
			"scale": [0.68, 0.68, 0.68]
		},
		"firstperson_lefthand": {
			"rotation": [0, -90, 25],
			"translation": [1.13, 3.2, 1.13],
			"scale": [0.68, 0.68, 0.68]
		},
		"ground": {
			"translation": [0, 2, 0],
			"scale": [0.5, 0.5, 0.5]
		},
		"head": {
			"rotation": [0, -180, 0],
			"translation": [0, 13, 7]
		},
		"fixed": {
			"rotation": [0, -180, 0]
		}
	}
}