{"textures":{"0":"block/guiout","1":"block/handout","2":"block/worldout"},"elements":[{"from":[8,0,8],"to":[8.000001,1e-06,8.000001],"faces":{"north":{"uv":[0.1,0.55,0.9,0.95],"texture":"#0","tintindex":0}}},{"from":[8,0,8],"to":[8.000001,1e-06,8.000001],"faces":{"north":{"uv":[1.1,0.55,1.9,0.95],"texture":"#0","tintindex":0}}},{"from":[8,0,8],"to":[8.000001,1e-06,8.000001],"faces":{"north":{"uv":[2.1,0.55,2.9,0.95],"texture":"#0","tintindex":0}}},{"from":[8,0,8],"to":[8.000001,1e-06,8.000001],"faces":{"north":{"uv":[3.1,0.55,3.9,0.95],"texture":"#0","tintindex":0}}},{"from":[8,0,8],"to":[8.000001,1e-06,8.000001],"faces":{"north":{"uv":[4.1,0.55,4.9,0.95],"texture":"#0","tintindex":0}}},{"from":[8,0,8],"to":[8.000001,1e-06,8.000001],"faces":{"north":{"uv":[0.1,0.1375,0.9,0.2375],"texture":"#1","tintindex":0}}},{"from":[8,0,8],"to":[8.000001,1e-06,8.000001],"faces":{"north":{"uv":[1.1,0.1375,1.9,0.2375],"texture":"#1","tintindex":0}}},{"from":[8,0,8],"to":[8.000001,1e-06,8.000001],"faces":{"north":{"uv":[2.1,0.1375,2.9,0.2375],"texture":"#1","tintindex":0}}},{"from":[8,0,8],"to":[8.000001,1e-06,8.000001],"faces":{"north":{"uv":[3.1,0.1375,3.9,0.2375],"texture":"#1","tintindex":0}}},{"from":[8,0,8],"to":[8.000001,1e-06,8.000001],"faces":{"north":{"uv":[4.1,0.1375,4.9,0.2375],"texture":"#1","tintindex":0}}},{"from":[8,0,8],"to":[8.000001,1e-06,8.000001],"faces":{"north":{"uv":[5.1,0.1375,5.9,0.2375],"texture":"#1","tintindex":0}}},{"from":[8,0,8],"to":[8.000001,1e-06,8.000001],"faces":{"north":{"uv":[6.1,0.1375,6.9,0.2375],"texture":"#1","tintindex":0}}},{"from":[8,0,8],"to":[8.000001,1e-06,8.000001],"faces":{"north":{"uv":[7.1,0.1375,7.9,0.2375],"texture":"#1","tintindex":0}}},{"from":[8,0,8],"to":[8.000001,1e-06,8.000001],"faces":{"north":{"uv":[8.1,0.1375,8.9,0.2375],"texture":"#1","tintindex":0}}},{"from":[8,0,8],"to":[8.000001,1e-06,8.000001],"faces":{"north":{"uv":[9.1,0.1375,9.9,0.2375],"texture":"#1","tintindex":0}}},{"from":[8,0,8],"to":[8.000001,1e-06,8.000001],"faces":{"north":{"uv":[10.1,0.1375,10.9,0.2375],"texture":"#1","tintindex":0}}},{"from":[8,0,8],"to":[8.000001,1e-06,8.000001],"faces":{"north":{"uv":[11.1,0.1375,11.9,0.2375],"texture":"#1","tintindex":0}}},{"from":[8,0,8],"to":[8.000001,1e-06,8.000001],"faces":{"north":{"uv":[12.1,0.1375,12.9,0.2375],"texture":"#1","tintindex":0}}},{"from":[8,0,8],"to":[8.000001,1e-06,8.000001],"faces":{"north":{"uv":[13.1,0.1375,13.9,0.2375],"texture":"#1","tintindex":0}}},{"from":[8,0,8],"to":[8.000001,1e-06,8.000001],"faces":{"north":{"uv":[14.1,0.1375,14.9,0.2375],"texture":"#1","tintindex":0}}},{"from":[8,0,8],"to":[8.000001,1e-06,8.000001],"faces":{"north":{"uv":[15.1,0.1375,15.9,0.2375],"texture":"#1","tintindex":0}}},{"from":[8,0,8],"to":[8.000001,1e-06,8.000001],"faces":{"north":{"uv":[0.1,0.2625,0.9,0.3625],"texture":"#1","tintindex":0}}},{"from":[8,0,8],"to":[8.000001,1e-06,8.000001],"faces":{"north":{"uv":[1.1,0.2625,1.9,0.3625],"texture":"#1","tintindex":0}}},{"from":[8,0,8],"to":[8.000001,1e-06,8.000001],"faces":{"north":{"uv":[2.1,0.2625,2.9,0.3625],"texture":"#1","tintindex":0}}},{"from":[8,0,8],"to":[8.000001,1e-06,8.000001],"faces":{"north":{"uv":[3.1,0.2625,3.9,0.3625],"texture":"#1","tintindex":0}}},{"from":[8,0,8],"to":[8.000001,1e-06,8.000001],"faces":{"north":{"uv":[4.1,0.2625,4.9,0.3625],"texture":"#1","tintindex":0}}},{"from":[8,0,8],"to":[8.000001,1e-06,8.000001],"faces":{"north":{"uv":[5.1,0.2625,5.9,0.3625],"texture":"#1","tintindex":0}}},{"from":[8,0,8],"to":[8.000001,1e-06,8.000001],"faces":{"north":{"uv":[6.1,0.2625,6.9,0.3625],"texture":"#1","tintindex":0}}},{"from":[8,0,8],"to":[8.000001,1e-06,8.000001],"faces":{"north":{"uv":[7.1,0.2625,7.9,0.3625],"texture":"#1","tintindex":0}}},{"from":[8,0,8],"to":[8.000001,1e-06,8.000001],"faces":{"north":{"uv":[8.1,0.2625,8.9,0.3625],"texture":"#1","tintindex":0}}},{"from":[8,0,8],"to":[8.000001,1e-06,8.000001],"faces":{"north":{"uv":[9.1,0.2625,9.9,0.3625],"texture":"#1","tintindex":0}}},{"from":[8,0,8],"to":[8.000001,1e-06,8.000001],"faces":{"north":{"uv":[10.1,0.2625,10.9,0.3625],"texture":"#1","tintindex":0}}},{"from":[8,0,8],"to":[8.000001,1e-06,8.000001],"faces":{"north":{"uv":[11.1,0.2625,11.9,0.3625],"texture":"#1","tintindex":0}}},{"from":[8,0,8],"to":[8.000001,1e-06,8.000001],"faces":{"north":{"uv":[12.1,0.2625,12.9,0.3625],"texture":"#1","tintindex":0}}},{"from":[8,0,8],"to":[8.000001,1e-06,8.000001],"faces":{"north":{"uv":[13.1,0.2625,13.9,0.3625],"texture":"#1","tintindex":0}}},{"from":[8,0,8],"to":[8.000001,1e-06,8.000001],"faces":{"north":{"uv":[14.1,0.2625,14.9,0.3625],"texture":"#1","tintindex":0}}},{"from":[8,0,8],"to":[8.000001,1e-06,8.000001],"faces":{"north":{"uv":[15.1,0.2625,15.9,0.3625],"texture":"#1","tintindex":0}}},{"from":[8,0,8],"to":[8.000001,1e-06,8.000001],"faces":{"north":{"uv":[0.1,0.3875,0.9,0.4875],"texture":"#1","tintindex":0}}},{"from":[8,0,8],"to":[8.000001,1e-06,8.000001],"faces":{"north":{"uv":[1.1,0.3875,1.9,0.4875],"texture":"#1","tintindex":0}}},{"from":[8,0,8],"to":[8.000001,1e-06,8.000001],"faces":{"north":{"uv":[2.1,0.3875,2.9,0.4875],"texture":"#1","tintindex":0}}},{"from":[8,0,8],"to":[8.000001,1e-06,8.000001],"faces":{"north":{"uv":[3.1,0.3875,3.9,0.4875],"texture":"#1","tintindex":0}}},{"from":[8,0,8],"to":[8.000001,1e-06,8.000001],"faces":{"north":{"uv":[4.1,0.3875,4.9,0.4875],"texture":"#1","tintindex":0}}},{"from":[8,0,8],"to":[8.000001,1e-06,8.000001],"faces":{"north":{"uv":[5.1,0.3875,5.9,0.4875],"texture":"#1","tintindex":0}}},{"from":[8,0,8],"to":[8.000001,1e-06,8.000001],"faces":{"north":{"uv":[6.1,0.3875,6.9,0.4875],"texture":"#1","tintindex":0}}},{"from":[8,0,8],"to":[8.000001,1e-06,8.000001],"faces":{"north":{"uv":[7.1,0.3875,7.9,0.4875],"texture":"#1","tintindex":0}}},{"from":[8,0,8],"to":[8.000001,1e-06,8.000001],"faces":{"north":{"uv":[8.1,0.3875,8.9,0.4875],"texture":"#1","tintindex":0}}},{"from":[8,0,8],"to":[8.000001,1e-06,8.000001],"faces":{"north":{"uv":[9.1,0.3875,9.9,0.4875],"texture":"#1","tintindex":0}}},{"from":[8,0,8],"to":[8.000001,1e-06,8.000001],"faces":{"north":{"uv":[10.1,0.3875,10.9,0.4875],"texture":"#1","tintindex":0}}},{"from":[8,0,8],"to":[8.000001,1e-06,8.000001],"faces":{"north":{"uv":[11.1,0.3875,11.9,0.4875],"texture":"#1","tintindex":0}}},{"from":[8,0,8],"to":[8.000001,1e-06,8.000001],"faces":{"north":{"uv":[12.1,0.3875,12.9,0.4875],"texture":"#1","tintindex":0}}},{"from":[8,0,8],"to":[8.000001,1e-06,8.000001],"faces":{"north":{"uv":[13.1,0.3875,13.9,0.4875],"texture":"#1","tintindex":0}}},{"from":[8,0,8],"to":[8.000001,1e-06,8.000001],"faces":{"north":{"uv":[14.1,0.3875,14.9,0.4875],"texture":"#1","tintindex":0}}},{"from":[8,0,8],"to":[8.000001,1e-06,8.000001],"faces":{"north":{"uv":[15.1,0.3875,15.9,0.4875],"texture":"#1","tintindex":0}}},{"from":[8,0,8],"to":[8.000001,1e-06,8.000001],"faces":{"north":{"uv":[0.1,0.5125,0.9,0.6125],"texture":"#1","tintindex":0}}},{"from":[8,0,8],"to":[8.000001,1e-06,8.000001],"faces":{"north":{"uv":[1.1,0.5125,1.9,0.6125],"texture":"#1","tintindex":0}}},{"from":[8,0,8],"to":[8.000001,1e-06,8.000001],"faces":{"north":{"uv":[2.1,0.5125,2.9,0.6125],"texture":"#1","tintindex":0}}},{"from":[8,0,8],"to":[8.000001,1e-06,8.000001],"faces":{"north":{"uv":[3.1,0.5125,3.9,0.6125],"texture":"#1","tintindex":0}}},{"from":[8,0,8],"to":[8.000001,1e-06,8.000001],"faces":{"north":{"uv":[4.1,0.5125,4.9,0.6125],"texture":"#1","tintindex":0}}},{"from":[8,0,8],"to":[8.000001,1e-06,8.000001],"faces":{"north":{"uv":[5.1,0.5125,5.9,0.6125],"texture":"#1","tintindex":0}}},{"from":[8,0,8],"to":[8.000001,1e-06,8.000001],"faces":{"north":{"uv":[6.1,0.5125,6.9,0.6125],"texture":"#1","tintindex":0}}},{"from":[8,0,8],"to":[8.000001,1e-06,8.000001],"faces":{"north":{"uv":[7.1,0.5125,7.9,0.6125],"texture":"#1","tintindex":0}}},{"from":[8,0,8],"to":[8.000001,1e-06,8.000001],"faces":{"north":{"uv":[8.1,0.5125,8.9,0.6125],"texture":"#1","tintindex":0}}},{"from":[8,0,8],"to":[8.000001,1e-06,8.000001],"faces":{"north":{"uv":[9.1,0.5125,9.9,0.6125],"texture":"#1","tintindex":0}}},{"from":[8,0,8],"to":[8.000001,1e-06,8.000001],"faces":{"north":{"uv":[10.1,0.5125,10.9,0.6125],"texture":"#1","tintindex":0}}},{"from":[8,0,8],"to":[8.000001,1e-06,8.000001],"faces":{"north":{"uv":[11.1,0.5125,11.9,0.6125],"texture":"#1","tintindex":0}}},{"from":[8,0,8],"to":[8.000001,1e-06,8.000001],"faces":{"north":{"uv":[12.1,0.5125,12.9,0.6125],"texture":"#1","tintindex":0}}},{"from":[8,0,8],"to":[8.000001,1e-06,8.000001],"faces":{"north":{"uv":[13.1,0.5125,13.9,0.6125],"texture":"#1","tintindex":0}}},{"from":[8,0,8],"to":[8.000001,1e-06,8.000001],"faces":{"north":{"uv":[14.1,0.5125,14.9,0.6125],"texture":"#1","tintindex":0}}},{"from":[8,0,8],"to":[8.000001,1e-06,8.000001],"faces":{"north":{"uv":[15.1,0.5125,15.9,0.6125],"texture":"#1","tintindex":0}}},{"from":[8,0,8],"to":[8.000001,1e-06,8.000001],"faces":{"north":{"uv":[0.1,0.6375,0.9,0.7375],"texture":"#1","tintindex":0}}},{"from":[8,0,8],"to":[8.000001,1e-06,8.000001],"faces":{"north":{"uv":[1.1,0.6375,1.9,0.7375],"texture":"#1","tintindex":0}}},{"from":[8,0,8],"to":[8.000001,1e-06,8.000001],"faces":{"north":{"uv":[2.1,0.6375,2.9,0.7375],"texture":"#1","tintindex":0}}},{"from":[8,0,8],"to":[8.000001,1e-06,8.000001],"faces":{"north":{"uv":[3.1,0.6375,3.9,0.7375],"texture":"#1","tintindex":0}}},{"from":[8,0,8],"to":[8.000001,1e-06,8.000001],"faces":{"north":{"uv":[4.1,0.6375,4.9,0.7375],"texture":"#1","tintindex":0}}},{"from":[8,0,8],"to":[8.000001,1e-06,8.000001],"faces":{"north":{"uv":[5.1,0.6375,5.9,0.7375],"texture":"#1","tintindex":0}}},{"from":[8,0,8],"to":[8.000001,1e-06,8.000001],"faces":{"north":{"uv":[6.1,0.6375,6.9,0.7375],"texture":"#1","tintindex":0}}},{"from":[8,0,8],"to":[8.000001,1e-06,8.000001],"faces":{"north":{"uv":[7.1,0.6375,7.9,0.7375],"texture":"#1","tintindex":0}}},{"from":[8,0,8],"to":[8.000001,1e-06,8.000001],"faces":{"north":{"uv":[0.1,0.55,0.9,0.95],"texture":"#2","tintindex":0}}},{"from":[8,0,8],"to":[8.000001,1e-06,8.000001],"faces":{"north":{"uv":[1.1,0.55,1.9,0.95],"texture":"#2","tintindex":0}}},{"from":[8,0,8],"to":[8.000001,1e-06,8.000001],"faces":{"north":{"uv":[2.1,0.55,2.9,0.95],"texture":"#2","tintindex":0}}},{"from":[8,0,8],"to":[8.000001,1e-06,8.000001],"faces":{"north":{"uv":[3.1,0.55,3.9,0.95],"texture":"#2","tintindex":0}}},{"from":[8,0,8],"to":[8.000001,1e-06,8.000001],"faces":{"north":{"uv":[4.1,0.55,4.9,0.95],"texture":"#2","tintindex":0}}},{"from":[8,0,8],"to":[8.000001,1e-06,8.000001],"faces":{"north":{"uv":[5.1,0.55,5.9,0.95],"texture":"#2","tintindex":0}}}],"display":{"thirdperson_righthand":{"rotation":[85,0,0]},"thirdperson_lefthand":{"rotation":[85,0,0]}}}